title,category,description,tags,rating,image_url
Machine Learning Engineer,Jobs,"Design, train and deploy machine learning models into production systems using Python.","machine learning, ai, python, deep learning, mlops",4.6,https://thumb.wikimedia.org/wikipedia/commons/thumb/4/46/Colored_neural_network.svg/500px-Colored_neural_network.svg.png
Data Scientist,Jobs,"Analyse data, build predictive models and communicate insights that guide decisions.","data science, python, statistics, machine learning, sql",4.5,https://thumb.wikimedia.org/wikipedia/commons/thumb/4/45/PIA23792-1600x1200%281%29.jpg/500px-PIA23792-1600x1200%281%29.jpg
AI Research Scientist,Jobs,"Invent new AI methods, run experiments and publish findings on neural networks.","ai, research, deep learning, mathematics, neural networks",4.6,https://thumb.wikimedia.org/wikipedia/commons/thumb/0/05/HONDA_ASIMO.jpg/500px-HONDA_ASIMO.jpg
Python Developer,Jobs,"Build backend services, APIs and automation tools in Python.","python, programming, backend, apis",4.4,https://thumb.wikimedia.org/wikipedia/commons/thumb/c/c3/Python-logo-notext.svg/500px-Python-logo-notext.svg.png
Frontend Developer,Jobs,"Build fast, accessible user interfaces with HTML, CSS and JavaScript frameworks.","web development, javascript, react, frontend, design",4.3,https://thumb.wikimedia.org/wikipedia/commons/thumb/d/d7/XFCE-4.10-Desktop.png/500px-XFCE-4.10-Desktop.png
Full Stack Developer,Jobs,"Work across the database, server and browser to ship complete web products.","web development, javascript, python, databases, programming",4.4,https://thumb.wikimedia.org/wikipedia/commons/thumb/e/e6/Typing_example.ogv/330px--Typing_example.ogv.jpg
Data Analyst,Jobs,"Turn raw data into dashboards and reports using SQL, spreadsheets and visualisation tools.","data analytics, sql, spreadsheets, business, statistics",4.3,https://thumb.wikimedia.org/wikipedia/commons/thumb/e/ec/Anscombe%27s_quartet_3.svg/500px-Anscombe%27s_quartet_3.svg.png
Prompt Engineer,Jobs,Design and evaluate prompts and workflows that get reliable results from AI models.,"ai, nlp, language models, writing",4.2,https://thumb.wikimedia.org/wikipedia/commons/thumb/6/68/Laptop_collage.jpg/500px-Laptop_collage.jpg
UX Designer,Jobs,"Research user needs and design intuitive flows, wireframes and prototypes.","design, ux, research, figma, psychology",4.4,https://thumb.wikimedia.org/wikipedia/commons/thumb/d/d7/XFCE-4.10-Desktop.png/500px-XFCE-4.10-Desktop.png
Product Designer,Jobs,"Shape the look, feel and usability of digital products end to end.","design, ux, product, figma",4.4,https://thumb.wikimedia.org/wikipedia/commons/thumb/6/68/Prototype_circuit.jpg/500px-Prototype_circuit.jpg
Product Manager,Jobs,"Decide what to build, coordinate teams and own product outcomes.","business, product, strategy, startups",4.3,https://thumb.wikimedia.org/wikipedia/commons/thumb/2/21/Sitzung_von_Wiki_Loves_Broadcast_im_Kontor_Hamburg.jpg/500px-Sitzung_von_Wiki_Loves_Broadcast_im_Kontor_Hamburg.jpg
Clinical Psychologist,Jobs,Assess and treat mental health conditions through therapy and evidence-based care.,"psychology, therapy, health, research",4.4,https://thumb.wikimedia.org/wikipedia/commons/thumb/9/9e/Greek_uc_psi_icon.svg/500px-Greek_uc_psi_icon.svg.png
School Counselor,Jobs,"Support students' academic, career and emotional development.","psychology, education, counseling, students",4.3,https://thumb.wikimedia.org/wikipedia/commons/thumb/c/ce/Elementary_classroom_in_Alaska.jpg/500px-Elementary_classroom_in_Alaska.jpg
Aerospace Engineer,Jobs,"Design and test aircraft, spacecraft and satellite systems.","space, engineering, physics, aerospace",4.5,https://thumb.wikimedia.org/wikipedia/commons/thumb/c/c0/Apollo_13_Mailbox_at_Mission_Control.jpg/500px-Apollo_13_Mailbox_at_Mission_Control.jpg
Astronomer,Jobs,"Study stars, planets and galaxies using telescopes, data and physics.","space, astronomy, research, physics, data science",4.4,https://thumb.wikimedia.org/wikipedia/commons/thumb/c/cf/IAU_2006_General_Assembly-_Result_of_the_IAU_Resolution_Votes_%28iau0603g%29.jpg/500px-IAU_2006_General_Assembly-_Result_of_the_IAU_Resolution_Votes_%28iau0603g%29.jpg
Game Developer,Jobs,"Program gameplay systems, tools and engines for video games.","gaming, game development, programming, c++, unity",4.2,https://thumb.wikimedia.org/wikipedia/commons/thumb/4/4e/Game_Developers_Choice_Awards_-_Campo_Santo.jpg/500px-Game_Developers_Choice_Awards_-_Campo_Santo.jpg
Game Designer,Jobs,"Create game mechanics, levels and player experiences.","gaming, design, creativity, storytelling",4.2,https://thumb.wikimedia.org/wikipedia/commons/thumb/1/11/DarrowPage1.png/500px-DarrowPage1.png
Cybersecurity Analyst,Jobs,"Monitor systems, investigate incidents and protect organisations from attacks.","cybersecurity, security, networks, technology",4.4,https://thumb.wikimedia.org/wikipedia/commons/thumb/3/30/National_Security_Operations_Center_photograph%2C_c._1975_-_National_Cryptologic_Museum_-_DSC07658.JPG/500px-National_Security_Operations_Center_photograph%2C_c._1975_-_National_Cryptologic_Museum_-_DSC07658.JPG
Cloud Engineer,Jobs,Build and run scalable infrastructure on cloud platforms.,"cloud, aws, devops, technology",4.4,https://thumb.wikimedia.org/wikipedia/commons/thumb/b/b5/Cloud_computing.svg/500px-Cloud_computing.svg.png
DevOps Engineer,Jobs,"Automate builds, deployments and monitoring for reliable software delivery.","devops, cloud, automation, programming",4.3,https://upload.wikimedia.org/wikipedia/commons/4/4e/Devops.png
Music Producer,Jobs,"Record, arrange, mix and produce tracks for artists and media.","music, production, audio, creativity",4.1,https://thumb.wikimedia.org/wikipedia/commons/thumb/7/7c/Beatles_and_George_Martin_in_studio_1966.JPG/500px-Beatles_and_George_Martin_in_studio_1966.JPG
Digital Marketing Specialist,Jobs,"Plan campaigns across search, social and email and measure what works.","marketing, business, analytics, social media",4.1,https://thumb.wikimedia.org/wikipedia/commons/thumb/0/0d/1929-_Advertising_revenue_as_percent_of_GDP_%28US%29.svg/500px-1929-_Advertising_revenue_as_percent_of_GDP_%28US%29.svg.png
Financial Analyst,Jobs,Model company performance and advise on investments and budgets.,"finance, business, spreadsheets, economics",4.2,https://thumb.wikimedia.org/wikipedia/commons/thumb/5/5e/Assorted_United_States_coins.jpg/500px-Assorted_United_States_coins.jpg
Science Teacher,Jobs,"Teach physics, chemistry and biology and inspire curiosity in students.","education, science, teaching, students",4.5,https://thumb.wikimedia.org/wikipedia/commons/thumb/e/e6/A_public_high_school_teacher_in_a_classroom_in_the_United_States_08.jpg/500px-A_public_high_school_teacher_in_a_classroom_in_the_United_States_08.jpg
Chef de Partie,Jobs,Run a section of a professional kitchen and prepare dishes to a high standard.,"cooking, food, restaurants, kitchen",4.0,https://thumb.wikimedia.org/wikipedia/commons/thumb/b/ba/Ribot_Theodule_The_Cook_And_The_Cat-1.jpg/500px-Ribot_Theodule_The_Cook_And_The_Cat-1.jpg
Software Engineer,Jobs,"Design, build and test software systems and applications used by millions.","programming, software engineering, technology, career",4.5,https://thumb.wikimedia.org/wikipedia/commons/thumb/8/8c/Two_women_operating_ENIAC_%28full_resolution%29.jpg/500px-Two_women_operating_ENIAC_%28full_resolution%29.jpg
Backend Developer,Jobs,"Build APIs, databases and server-side logic that power web and mobile apps.","backend, python, databases, apis, programming",4.4,https://thumb.wikimedia.org/wikipedia/commons/thumb/c/c9/Client-server-model.svg/500px-Client-server-model.svg.png
Mobile App Developer,Jobs,"Create Android and iOS apps with Kotlin, Swift or Flutter.","mobile apps, android, ios, programming",4.3,https://thumb.wikimedia.org/wikipedia/commons/thumb/6/66/Wikipedia_homepage_on_a_large_Android_phone%2C_2015-04-16.jpg/500px-Wikipedia_homepage_on_a_large_Android_phone%2C_2015-04-16.jpg
Android Developer,Jobs,Build and maintain Android applications using Kotlin and Jetpack.,"android, kotlin, mobile apps, programming",4.3,https://thumb.wikimedia.org/wikipedia/commons/thumb/3/32/AOSP_Android_Stack.png/500px-AOSP_Android_Stack.png
iOS Developer,Jobs,Develop iPhone and iPad apps using Swift and SwiftUI.,"ios, swift, mobile apps, apple",4.3,https://thumb.wikimedia.org/wikipedia/commons/thumb/6/63/IOS_wordmark_%282017%29.svg/500px-IOS_wordmark_%282017%29.svg.png
Web Developer,Jobs,"Build websites and web applications with HTML, CSS and JavaScript.","web development, javascript, html, css",4.2,https://thumb.wikimedia.org/wikipedia/commons/thumb/8/87/United_States_Antarctic_Program_website_from_2018_02_22.png/500px-United_States_Antarctic_Program_website_from_2018_02_22.png
Site Reliability Engineer,Jobs,"Keep large-scale systems reliable with automation, monitoring and incident response.","devops, reliability, cloud, linux",4.4,https://thumb.wikimedia.org/wikipedia/commons/thumb/5/57/Data_Center_of_CNPC.jpg/500px-Data_Center_of_CNPC.jpg
Platform Engineer,Jobs,Build internal tools and infrastructure that help developers ship faster.,"devops, infrastructure, cloud, kubernetes",4.3,https://thumb.wikimedia.org/wikipedia/commons/thumb/5/57/Data_Center_of_CNPC.jpg/500px-Data_Center_of_CNPC.jpg
Database Administrator,Jobs,"Manage, secure and tune databases for performance and reliability.","databases, sql, postgresql, administration",4.1,https://thumb.wikimedia.org/wikipedia/commons/thumb/f/f2/DVD_Rental_Query.png/500px-DVD_Rental_Query.png
Data Engineer,Jobs,Build data pipelines and warehouses that move and transform data at scale.,"data engineering, sql, python, big data",4.5,https://thumb.wikimedia.org/wikipedia/commons/thumb/2/26/Datove_centrum_TCP.jpg/500px-Datove_centrum_TCP.jpg
Business Intelligence Analyst,Jobs,Turn company data into dashboards and reports for decision makers.,"data analytics, business, sql, dashboards",4.2,https://thumb.wikimedia.org/wikipedia/commons/thumb/8/8c/English_Wikipedia%27s_traffic_by_browser_family.png/500px-English_Wikipedia%27s_traffic_by_browser_family.png
Statistician,Jobs,Design studies and analyse data to draw reliable conclusions.,"statistics, mathematics, data, research",4.3,https://thumb.wikimedia.org/wikipedia/commons/thumb/a/ad/Standard_Normal_Distribution-en.svg/500px-Standard_Normal_Distribution-en.svg.png
Quantitative Analyst,Jobs,Build mathematical models for trading and risk at financial firms.,"finance, mathematics, programming, statistics",4.4,https://thumb.wikimedia.org/wikipedia/commons/thumb/9/99/New_York_Stock_Exchange_-_panoramio_%282%29.jpg/500px-New_York_Stock_Exchange_-_panoramio_%282%29.jpg
Computer Vision Engineer,Jobs,Build systems that understand images and video using deep learning.,"computer vision, deep learning, ai, python",4.5,https://thumb.wikimedia.org/wikipedia/commons/thumb/e/ef/Face_detection.jpg/500px-Face_detection.jpg
NLP Engineer,Jobs,Build applications that understand and generate human language.,"nlp, ai, llms, python, machine learning",4.5,https://thumb.wikimedia.org/wikipedia/commons/thumb/7/79/ELIZA_conversation.png/500px-ELIZA_conversation.png
MLOps Engineer,Jobs,"Deploy, monitor and scale machine learning models in production.","mlops, machine learning, devops, cloud",4.4,https://thumb.wikimedia.org/wikipedia/commons/thumb/1/1b/ML_Ops_Venn_Diagram.svg/500px-ML_Ops_Venn_Diagram.svg.png
AI Product Manager,Jobs,Lead the development of AI-powered products from idea to launch.,"ai, product management, strategy, technology",4.3,https://upload.wikimedia.org/wikipedia/commons/2/26/Windows_10_Calculator.png
Robotics Engineer,Jobs,"Design and program robots for manufacturing, healthcare or exploration.","robotics, engineering, ai, hardware",4.4,https://thumb.wikimedia.org/wikipedia/commons/thumb/7/7f/Puma_Robotic_Arm_-_GPN-2000-001817.jpg/500px-Puma_Robotic_Arm_-_GPN-2000-001817.jpg
Embedded Systems Engineer,Jobs,Program microcontrollers and firmware for devices and machines.,"embedded systems, electronics, c, hardware",4.2,https://thumb.wikimedia.org/wikipedia/commons/thumb/6/6b/DHCOM_Computer_On_Module_-_AM35x.jpg/500px-DHCOM_Computer_On_Module_-_AM35x.jpg
Electronics Engineer,Jobs,Design circuits and electronic devices.,"electronics, engineering, hardware, circuits",4.1,https://thumb.wikimedia.org/wikipedia/commons/thumb/a/a4/SEG_DVD_430_-_Printed_circuit_board-4276.jpg/500px-SEG_DVD_430_-_Printed_circuit_board-4276.jpg
Electrical Engineer,Jobs,"Design power systems, motors and electrical equipment.","engineering, electricity, power, hardware",4.2,https://thumb.wikimedia.org/wikipedia/commons/thumb/9/92/Umspannwerk-Pulverdingen_380kV-Trennschalter.jpg/500px-Umspannwerk-Pulverdingen_380kV-Trennschalter.jpg
Mechanical Engineer,Jobs,"Design machines, engines and mechanical systems.","engineering, mechanics, design, manufacturing",4.2,https://thumb.wikimedia.org/wikipedia/commons/thumb/2/2b/Mechanical_components.png/500px-Mechanical_components.png
Civil Engineer,Jobs,"Plan and build roads, bridges, buildings and water systems.","engineering, construction, infrastructure",4.1,https://thumb.wikimedia.org/wikipedia/commons/thumb/f/fe/TVA_engineers_monitoring_Tellico_Dam_model.jpg/500px-TVA_engineers_monitoring_Tellico_Dam_model.jpg
Chemical Engineer,Jobs,Design processes that turn raw materials into useful products.,"engineering, chemistry, manufacturing",4.1,https://thumb.wikimedia.org/wikipedia/commons/thumb/c/cc/Colonne_distillazione.jpg/500px-Colonne_distillazione.jpg
Biomedical Engineer,Jobs,"Develop medical devices, implants and healthcare technology.","engineering, medicine, biology, technology",4.3,https://thumb.wikimedia.org/wikipedia/commons/thumb/0/0e/%D0%9E%D0%BF%D0%B5%D1%80%D0%B0%D1%86%D0%B8%D0%BE%D0%BD%D0%BD%D0%B0%D1%8F._%D0%A4%D0%A6%D0%9D_%28%D0%A2%D1%8E%D0%BC%D0%B5%D0%BD%D1%8C%29_01.JPG/500px-%D0%9E%D0%BF%D0%B5%D1%80%D0%B0%D1%86%D0%B8%D0%BE%D0%BD%D0%BD%D0%B0%D1%8F._%D0%A4%D0%A6%D0%9D_%28%D0%A2%D1%8E%D0%BC%D0%B5%D0%BD%D1%8C%29_01.JPG
Environmental Engineer,Jobs,"Solve problems in pollution, water and waste management.","engineering, environment, climate, sustainability",4.2,https://thumb.wikimedia.org/wikipedia/commons/thumb/4/4e/Beech_Forest_%28AU%29%2C_Great_Otway_National_Park%2C_Beauchamp_Falls_--_2019_--_1271.jpg/500px-Beech_Forest_%28AU%29%2C_Great_Otway_National_Park%2C_Beauchamp_Falls_--_2019_--_1271.jpg
Renewable Energy Engineer,Jobs,"Design solar, wind and storage systems for clean energy.","energy, engineering, climate, sustainability",4.4,https://thumb.wikimedia.org/wikipedia/commons/thumb/4/4d/Andasol_Guadix_4.jpg/500px-Andasol_Guadix_4.jpg
Network Engineer,Jobs,Design and maintain computer networks for organisations.,"networking, it, infrastructure, security",4.1,https://thumb.wikimedia.org/wikipedia/commons/thumb/d/d2/Internet_map_1024.jpg/500px-Internet_map_1024.jpg
Systems Administrator,Jobs,"Keep servers, users and IT systems running smoothly.","it, linux, servers, administration",4.0,https://thumb.wikimedia.org/wikipedia/commons/thumb/6/65/System_Administrators_Burnside_Franswells_Acceptance_Testing.jpg/500px-System_Administrators_Burnside_Franswells_Acceptance_Testing.jpg
IT Support Specialist,Jobs,"Help people solve computer, software and network problems.","it, support, troubleshooting, hardware",3.9,https://thumb.wikimedia.org/wikipedia/commons/thumb/7/7c/Callcentre.jpg/500px-Callcentre.jpg
Penetration Tester,Jobs,Legally hack systems to find security weaknesses before attackers do.,"cybersecurity, ethical hacking, security, networking",4.4,https://thumb.wikimedia.org/wikipedia/commons/thumb/4/47/DEF_CON_17_CTF_competition.jpg/500px-DEF_CON_17_CTF_competition.jpg
Security Engineer,Jobs,"Build defences that protect systems, networks and data.","cybersecurity, security, cloud, networking",4.4,https://thumb.wikimedia.org/wikipedia/commons/thumb/e/e1/Operating_system_placement.svg/500px-Operating_system_placement.svg.png
Cryptographer,Jobs,Design and analyse algorithms that keep information secret.,"cryptography, mathematics, security, research",4.3,https://thumb.wikimedia.org/wikipedia/commons/thumb/4/4d/Lorenz-SZ42-2.jpg/500px-Lorenz-SZ42-2.jpg
Blockchain Developer,Jobs,Build smart contracts and decentralised applications.,"blockchain, smart contracts, programming, web3",4.0,https://thumb.wikimedia.org/wikipedia/commons/thumb/e/ee/Kiloware.JPG/500px-Kiloware.JPG
Game Programmer,Jobs,"Write the code for gameplay, physics and graphics in video games.","game development, programming, c++, unity",4.3,https://thumb.wikimedia.org/wikipedia/commons/thumb/7/78/Gaming_Section_1_-_Retrosystems_2010.jpg/500px-Gaming_Section_1_-_Retrosystems_2010.jpg
Technical Artist,Jobs,"Bridge art and programming to create shaders, effects and tools for games.","game development, art, shaders, 3d",4.2,https://upload.wikimedia.org/wikipedia/commons/6/6d/Activemarker2.PNG
3D Artist,Jobs,"Model, texture and animate characters and environments.","3d modelling, art, blender, animation",4.2,https://thumb.wikimedia.org/wikipedia/commons/thumb/e/ec/Hand-painted_house_3D_model_stages.png/500px-Hand-painted_house_3D_model_stages.png
Animator,Jobs,Bring characters to life frame by frame for films and games.,"animation, art, film, games",4.2,https://upload.wikimedia.org/wikipedia/commons/a/a4/Animexample.gif
Level Designer,Jobs,"Design game levels, puzzles and player journeys.","game design, level design, games, creativity",4.2,https://thumb.wikimedia.org/wikipedia/commons/thumb/2/26/Edge_%28video_game%29_level_layout.png/500px-Edge_%28video_game%29_level_layout.png
Esports Coach,Jobs,Train competitive gaming teams in strategy and teamwork.,"esports, gaming, coaching, strategy",3.9,https://thumb.wikimedia.org/wikipedia/commons/thumb/9/96/LGD_Gaming_at_the_2015_LPL_Summer_Finals.jpg/500px-LGD_Gaming_at_the_2015_LPL_Summer_Finals.jpg
Graphic Designer,Jobs,"Create visual designs for brands, posters, apps and websites.","graphic design, design, branding, art",4.1,https://thumb.wikimedia.org/wikipedia/commons/thumb/5/51/Graphic-designer-application-projects-collage-2.0.jpg/500px-Graphic-designer-application-projects-collage-2.0.jpg
UX Researcher,Jobs,Study how people use products and turn findings into design decisions.,"ux research, psychology, design, user research",4.3,https://thumb.wikimedia.org/wikipedia/commons/thumb/7/7a/Usability_Lab_02.jpg/500px-Usability_Lab_02.jpg
Interaction Designer,Jobs,Design how people interact with digital products.,"interaction design, ux, design, prototyping",4.2,https://thumb.wikimedia.org/wikipedia/commons/thumb/7/76/MonitorLCDlcd.svg/500px-MonitorLCDlcd.svg.png
Motion Designer,Jobs,"Create animated graphics for videos, apps and ads.","motion graphics, animation, design, video",4.1,https://thumb.wikimedia.org/wikipedia/commons/thumb/c/c5/Motion_design.jpg/500px-Motion_design.jpg
Industrial Designer,Jobs,"Design physical products, from furniture to gadgets.","industrial design, product design, engineering",4.2,https://thumb.wikimedia.org/wikipedia/commons/thumb/8/88/Lurelle_Guild._Vacuum_Cleaner%2C_ca._1937..jpg/500px-Lurelle_Guild._Vacuum_Cleaner%2C_ca._1937..jpg
Architect,Jobs,"Design buildings and spaces that are safe, useful and beautiful.","architecture, design, buildings, engineering",4.2,https://thumb.wikimedia.org/wikipedia/commons/thumb/f/fb/Architect.png/500px-Architect.png
Interior Designer,Jobs,Plan functional and attractive indoor spaces.,"interior design, design, architecture",4.0,https://thumb.wikimedia.org/wikipedia/commons/thumb/5/5a/30th_Street_Station_concourse_looking_west_July_2026.jpeg/500px-30th_Street_Station_concourse_looking_west_July_2026.jpeg
Fashion Designer,Jobs,Design clothing and accessories.,"fashion, design, art, creativity",3.9,https://thumb.wikimedia.org/wikipedia/commons/thumb/c/cc/Bundesarchiv_Bild_183-N0409-0320%2C_VEB_Bekleidungswerk_%22Steppke%22_G%C3%B6rlitz%2C_Gestaltung_Kinderkonfektion_%28cropped%29.jpg/500px-Bundesarchiv_Bild_183-N0409-0320%2C_VEB_Bekleidungswerk_%22Steppke%22_G%C3%B6rlitz%2C_Gestaltung_Kinderkonfektion_%28cropped%29.jpg
Photographer,Jobs,"Capture images for events, journalism, brands and art.","photography, art, media, creativity",4.0,https://thumb.wikimedia.org/wikipedia/commons/thumb/e/e9/Photograph_of_a_Photographer.jpg/500px-Photograph_of_a_Photographer.jpg
Video Editor,Jobs,"Edit footage into films, YouTube videos and ads.","video editing, film, media, storytelling",4.0,https://thumb.wikimedia.org/wikipedia/commons/thumb/9/9d/Fotothek_df_pk_0000165_012.jpg/500px-Fotothek_df_pk_0000165_012.jpg
Film Director,Jobs,Lead the creative vision of a film from script to screen.,"film, directing, storytelling, media",4.1,https://thumb.wikimedia.org/wikipedia/commons/thumb/c/c4/Badham_Palance_1974.jpg/500px-Badham_Palance_1974.jpg
Screenwriter,Jobs,"Write scripts for films, series and games.","writing, film, storytelling, creativity",4.0,https://thumb.wikimedia.org/wikipedia/commons/thumb/1/13/Screenplaybw.jpg/500px-Screenplaybw.jpg
Content Writer,Jobs,"Write articles, blogs and copy for websites and brands.","writing, content, marketing, seo",3.9,https://upload.wikimedia.org/wikipedia/commons/b/b9/The_cost_of_It_-_Murphy_Varnish_Co._ad_by_John_Emory_Powers.png
Technical Writer,Jobs,Explain complex software and products in clear documentation.,"writing, documentation, technology, communication",4.2,https://thumb.wikimedia.org/wikipedia/commons/thumb/b/b7/MEK_II-371.jpg/500px-MEK_II-371.jpg
Journalist,Jobs,Research and report news stories for the public.,"journalism, writing, media, research",4.0,https://thumb.wikimedia.org/wikipedia/commons/thumb/8/85/Phoenix_Heinz_Abel_1.jpg/500px-Phoenix_Heinz_Abel_1.jpg
Social Media Manager,Jobs,Plan and grow a brand's presence on social platforms.,"social media, marketing, content, branding",3.9,https://thumb.wikimedia.org/wikipedia/commons/thumb/2/2e/%28Fashion_film%29_THYREN_2018_SPIRNG_-_SUMMER_COLLECTION_Fashion_Ad_Film_%28feat.Julia_Ratner%29.webm/500px--%28Fashion_film%29_THYREN_2018_SPIRNG_-_SUMMER_COLLECTION_Fashion_Ad_Film_%28feat.Julia_Ratner%29.webm.jpg
SEO Specialist,Jobs,Improve website rankings in search engines.,"seo, digital marketing, analytics, content",4.0,https://thumb.wikimedia.org/wikipedia/commons/thumb/0/06/Google_search_result_for_Magic_Flute_opera.png/500px-Google_search_result_for_Magic_Flute_opera.png
Growth Marketer,Jobs,Use experiments and data to grow product users.,"marketing, growth, analytics, startups",4.1,https://thumb.wikimedia.org/wikipedia/commons/thumb/d/dd/Steve_Jobs_and_Macintosh_computer%2C_January_1984%2C_by_Bernard_Gotfryd_-_edited.jpg/500px-Steve_Jobs_and_Macintosh_computer%2C_January_1984%2C_by_Bernard_Gotfryd_-_edited.jpg
Brand Manager,Jobs,Shape and protect how a brand is seen by customers.,"branding, marketing, business, strategy",4.0,https://thumb.wikimedia.org/wikipedia/commons/thumb/9/9a/Apple_Store_Omotesando_P9230569.jpg/500px-Apple_Store_Omotesando_P9230569.jpg
Sales Engineer,Jobs,Explain technical products to customers and help close deals.,"sales, technology, communication, business",4.1,https://thumb.wikimedia.org/wikipedia/commons/thumb/e/eb/Hollister%2C_Trinity_Leeds_%2812th_April_2014%29.JPG/500px-Hollister%2C_Trinity_Leeds_%2812th_April_2014%29.JPG
Business Analyst,Jobs,Understand business needs and translate them into requirements.,"business analysis, requirements, data, strategy",4.1,https://thumb.wikimedia.org/wikipedia/commons/thumb/6/6c/Business_Analyst_%28BA%29.jpg/500px-Business_Analyst_%28BA%29.jpg
Management Consultant,Jobs,Help organisations solve problems and improve performance.,"consulting, business, strategy, management",4.2,https://thumb.wikimedia.org/wikipedia/commons/thumb/a/a5/West_side_of_Manhattan_from_Hudson_Commons_%2895103p%29.jpg/500px-West_side_of_Manhattan_from_Hudson_Commons_%2895103p%29.jpg
Investment Banker,Jobs,"Advise companies on mergers, acquisitions and raising money.","finance, banking, business, investing",4.1,https://thumb.wikimedia.org/wikipedia/commons/thumb/5/5e/Assorted_United_States_coins.jpg/500px-Assorted_United_States_coins.jpg
Accountant,Jobs,Prepare and check financial records and taxes.,"accounting, finance, tax, business",4.0,https://thumb.wikimedia.org/wikipedia/commons/thumb/c/cf/Casio_calculator_JS-20WK_in_201901_002.jpg/500px-Casio_calculator_JS-20WK_in_201901_002.jpg
Chartered Accountant,Jobs,"Audit companies and advise on tax, accounting and finance.","accounting, audit, finance, india",4.1,https://thumb.wikimedia.org/wikipedia/commons/thumb/8/87/LibreOffice_Calc_6.4.png/500px-LibreOffice_Calc_6.4.png
Economist,Jobs,"Study how people, businesses and governments use resources.","economics, research, policy, data",4.2,https://thumb.wikimedia.org/wikipedia/commons/thumb/2/29/Euro_M%C3%BCnzgeld_und_Portmonee_mit_gr%C3%BCnem_Pfeil_%28Geld%2C_Kleingeld%2C_M%C3%BCnzen%29.jpg/500px-Euro_M%C3%BCnzgeld_und_Portmonee_mit_gr%C3%BCnem_Pfeil_%28Geld%2C_Kleingeld%2C_M%C3%BCnzen%29.jpg
Entrepreneur,Jobs,Start and grow your own business or startup.,"startups, entrepreneurship, business, leadership",4.2,https://thumb.wikimedia.org/wikipedia/commons/thumb/2/2b/Norwich_Market_-_geograph.org.uk_-_2224675.jpg/500px-Norwich_Market_-_geograph.org.uk_-_2224675.jpg
Human Resources Manager,Jobs,"Hire, support and develop people in an organisation.","human resources, people, management, recruitment",3.9,https://thumb.wikimedia.org/wikipedia/commons/thumb/9/91/Job_interview.jpg/500px-Job_interview.jpg
Operations Manager,Jobs,Keep a company's daily processes efficient and on track.,"operations, management, business, logistics",4.0,https://thumb.wikimedia.org/wikipedia/commons/thumb/6/68/LongBeachFord.jpg/500px-LongBeachFord.jpg
Supply Chain Analyst,Jobs,Optimise how products move from suppliers to customers.,"supply chain, logistics, data, business",4.0,https://thumb.wikimedia.org/wikipedia/commons/thumb/8/8a/Supply_and_demand_network_%28en%29.svg/500px-Supply_and_demand_network_%28en%29.svg.png
Lawyer,Jobs,Advise clients and represent them in legal matters.,"law, justice, advocacy, research",4.1,https://thumb.wikimedia.org/wikipedia/commons/thumb/e/ea/Helena_Normanton.jpg/500px-Helena_Normanton.jpg
Cyber Law Specialist,Jobs,"Advise on privacy, data protection and technology law.","law, cybersecurity, privacy, technology",4.0,https://thumb.wikimedia.org/wikipedia/commons/thumb/0/00/Justice_scale_silhouette%2C_medium.svg/500px-Justice_scale_silhouette%2C_medium.svg.png
Doctor,Jobs,Diagnose and treat illness to keep people healthy.,"medicine, health, healthcare, science",4.5,https://thumb.wikimedia.org/wikipedia/commons/thumb/8/84/The_Doctor_Luke_Fildes_crop.jpg/500px-The_Doctor_Luke_Fildes_crop.jpg
Nurse,Jobs,Care for patients and support doctors in hospitals and clinics.,"nursing, healthcare, medicine, care",4.3,https://thumb.wikimedia.org/wikipedia/commons/thumb/6/6d/Nurse_checks_blood_pressure.jpg/500px-Nurse_checks_blood_pressure.jpg
Pharmacist,Jobs,Prepare medicines and advise patients on safe use.,"pharmacy, medicine, healthcare, chemistry",4.1,https://thumb.wikimedia.org/wikipedia/commons/thumb/d/de/Man_consults_with_pharmacist_%282%29.jpg/500px-Man_consults_with_pharmacist_%282%29.jpg
Dentist,Jobs,Diagnose and treat problems with teeth and gums.,"dentistry, medicine, healthcare",4.2,https://thumb.wikimedia.org/wikipedia/commons/thumb/d/db/GI_at_Guantanamo_visits_the_dentist.JPG/500px-GI_at_Guantanamo_visits_the_dentist.JPG
Physiotherapist,Jobs,Help people recover movement after injury or illness.,"physiotherapy, healthcare, sports, rehabilitation",4.2,https://thumb.wikimedia.org/wikipedia/commons/thumb/8/8c/Physical_Therapists_at_work.jpg/500px-Physical_Therapists_at_work.jpg
Psychiatrist,Jobs,Diagnose and treat mental illness with therapy and medicine.,"psychiatry, mental health, medicine, psychology",4.3,https://thumb.wikimedia.org/wikipedia/commons/thumb/4/41/Psi_with_Rod_of_Asclepius.svg/500px-Psi_with_Rod_of_Asclepius.svg.png
Counseling Psychologist,Jobs,"Help people cope with stress, relationships and life changes.","psychology, counselling, mental health, therapy",4.2,https://thumb.wikimedia.org/wikipedia/commons/thumb/9/9e/Greek_uc_psi_icon.svg/500px-Greek_uc_psi_icon.svg.png
Neuroscientist,Jobs,Research how the brain and nervous system work.,"neuroscience, biology, research, psychology",4.4,https://thumb.wikimedia.org/wikipedia/commons/thumb/1/15/PurkinjeCell.jpg/500px-PurkinjeCell.jpg
Biotechnologist,Jobs,"Use living organisms to develop medicines, crops and products.","biotechnology, biology, research, genetics",4.2,https://thumb.wikimedia.org/wikipedia/commons/thumb/d/dc/Faculty_of_Food_Engineering_and_Biotechnology_4.jpg/500px-Faculty_of_Food_Engineering_and_Biotechnology_4.jpg
Geneticist,Jobs,"Study genes, heredity and genetic diseases.","genetics, biology, research, medicine",4.3,https://thumb.wikimedia.org/wikipedia/commons/thumb/b/ba/Gregor_Mendel_2.jpg/500px-Gregor_Mendel_2.jpg
Research Scientist,Jobs,Run experiments to discover new knowledge in a scientific field.,"research, science, experiments, academia",4.3,https://thumb.wikimedia.org/wikipedia/commons/thumb/6/6c/Pierre_and_Marie_Curie.jpg/500px-Pierre_and_Marie_Curie.jpg
Physicist,Jobs,"Study matter, energy and the laws of the universe.","physics, research, science, mathematics",4.3,https://thumb.wikimedia.org/wikipedia/commons/thumb/1/14/Albert_Einstein_1947.jpg/500px-Albert_Einstein_1947.jpg
Chemist,Jobs,Study substances and how they react to create new materials.,"chemistry, research, science, laboratory",4.1,https://thumb.wikimedia.org/wikipedia/commons/thumb/9/9c/Metsu%2C_Gabri%C3%ABl_-_L%27Apothicaire_-_c._1651-1667.jpg/500px-Metsu%2C_Gabri%C3%ABl_-_L%27Apothicaire_-_c._1651-1667.jpg
Marine Biologist,Jobs,Study life in oceans and seas.,"biology, ocean, environment, research",4.2,https://thumb.wikimedia.org/wikipedia/commons/thumb/7/74/Tide_pools_in_santa_cruz.jpg/500px-Tide_pools_in_santa_cruz.jpg
Environmental Scientist,Jobs,Study and protect natural environments from pollution.,"environment, climate, science, sustainability",4.2,https://thumb.wikimedia.org/wikipedia/commons/thumb/4/4e/Beech_Forest_%28AU%29%2C_Great_Otway_National_Park%2C_Beauchamp_Falls_--_2019_--_1271.jpg/500px-Beech_Forest_%28AU%29%2C_Great_Otway_National_Park%2C_Beauchamp_Falls_--_2019_--_1271.jpg
Climate Scientist,Jobs,Research how the climate is changing and why.,"climate, environment, science, data",4.3,https://thumb.wikimedia.org/wikipedia/commons/thumb/5/5f/K%C3%B6ppen-Geiger_climate_classification_%281980-2016%29.png/500px-K%C3%B6ppen-Geiger_climate_classification_%281980-2016%29.png
Geologist,Jobs,"Study rocks, earthquakes and the history of the Earth.","geology, earth science, research, nature",4.1,https://thumb.wikimedia.org/wikipedia/commons/thumb/a/a3/Carl_Spitzweg_025.jpg/500px-Carl_Spitzweg_025.jpg
Astrophysicist,Jobs,"Study stars, galaxies and the physics of the universe.","astrophysics, space, physics, research",4.4,https://thumb.wikimedia.org/wikipedia/commons/thumb/c/c9/NIEdot362.jpg/500px-NIEdot362.jpg
Space Scientist at ISRO,Jobs,"Work on satellites, launch vehicles and planetary missions in India.","space, isro, engineering, india",4.6,https://thumb.wikimedia.org/wikipedia/commons/thumb/b/bd/Indian_Space_Research_Organisation_Logo.svg/500px-Indian_Space_Research_Organisation_Logo.svg.png
Satellite Engineer,Jobs,Design and test satellites for communication and observation.,"space, satellites, engineering, electronics",4.4,https://thumb.wikimedia.org/wikipedia/commons/thumb/a/a7/Two_3U_CubeSats.jpg/500px-Two_3U_CubeSats.jpg
Pilot,Jobs,"Fly passenger, cargo or private aircraft safely.","aviation, flying, travel",4.3,https://thumb.wikimedia.org/wikipedia/commons/thumb/3/38/Lt_Mike_Hunter_1.jpg/500px-Lt_Mike_Hunter_1.jpg
Air Traffic Controller,Jobs,Guide aircraft safely through the skies and airports.,"aviation, safety, communication",4.1,https://thumb.wikimedia.org/wikipedia/commons/thumb/e/eb/Air_traffic_controller_Skyguide_at_Airport_Zurich.jpg/500px-Air_traffic_controller_Skyguide_at_Airport_Zurich.jpg
Mathematics Teacher,Jobs,Teach students to understand and enjoy mathematics.,"teaching, mathematics, education, school",4.2,https://thumb.wikimedia.org/wikipedia/commons/thumb/e/e6/A_public_high_school_teacher_in_a_classroom_in_the_United_States_08.jpg/500px-A_public_high_school_teacher_in_a_classroom_in_the_United_States_08.jpg
Computer Science Teacher,Jobs,Teach programming and computing to school students.,"teaching, computer science, programming, education",4.3,https://thumb.wikimedia.org/wikipedia/commons/thumb/7/74/Tallinn_Digital_Summit._Introduction_for_elementary_school_children_to_coding_through_a_robotics_programme_%2836662719824%29.jpg/500px-Tallinn_Digital_Summit._Introduction_for_elementary_school_children_to_coding_through_a_robotics_programme_%2836662719824%29.jpg
University Professor,Jobs,Teach university courses and conduct research.,"academia, teaching, research, education",4.3,https://thumb.wikimedia.org/wikipedia/commons/thumb/3/3e/Einstein_1921_by_F_Schmutzer_-_restoration.jpg/500px-Einstein_1921_by_F_Schmutzer_-_restoration.jpg
Instructional Designer,Jobs,Design online courses and learning experiences.,"education, e-learning, design, teaching",4.1,https://thumb.wikimedia.org/wikipedia/commons/thumb/a/a2/Interactive_whiteboard_at_CeBIT_2007.jpg/500px-Interactive_whiteboard_at_CeBIT_2007.jpg
Librarian,Jobs,Help people find information and manage library collections.,"libraries, books, information, education",4.0,https://thumb.wikimedia.org/wikipedia/commons/thumb/8/80/Jennifer_Crowell%2C_56th_Force_Support_Squadron_library_director%2C_helps_Airman_1st_Class_Zoie_Cox%2C_56th_Fighter_Wing_Public_Affairs_photojournalist%2C_find_an_entry_in_a_book_April_8%2C_2019%2C_at_Luke_Air_Force_Base%2C_Ariz.jpg/500px-thumbnail.jpg
Social Worker,Jobs,Support families and communities facing difficulties.,"social work, community, care, psychology",4.0,https://thumb.wikimedia.org/wikipedia/commons/thumb/6/6c/Vilnius_Marathon_2015_volunteers_by_Augustas_Didzgalvis.jpg/500px-Vilnius_Marathon_2015_volunteers_by_Augustas_Didzgalvis.jpg
Civil Services Officer (IAS),Jobs,Lead public administration and policy as an Indian civil servant.,"government, public service, policy, india",4.4,https://thumb.wikimedia.org/wikipedia/commons/thumb/8/82/IAS_CREST.png/500px-IAS_CREST.png
Police Officer,Jobs,Protect the public and enforce the law.,"law enforcement, public safety, community",4.0,https://thumb.wikimedia.org/wikipedia/commons/thumb/e/ee/Very_friendly_MPS_officers_in_London.jpg/500px-Very_friendly_MPS_officers_in_London.jpg
Firefighter,Jobs,"Respond to fires, rescues and emergencies.","emergency services, safety, rescue",4.1,https://thumb.wikimedia.org/wikipedia/commons/thumb/2/21/FiremenFightBurningBarn.jpg/500px-FiremenFightBurningBarn.jpg
Professional Athlete,Jobs,Compete in sports at the highest level.,"sports, fitness, competition",4.1,https://thumb.wikimedia.org/wikipedia/commons/thumb/3/32/Jim_Thorpe%2C_1912_Summer_Olympics.jpg/500px-Jim_Thorpe%2C_1912_Summer_Olympics.jpg
Fitness Trainer,Jobs,Coach people to exercise safely and reach their goals.,"fitness, health, sports, coaching",4.0,https://thumb.wikimedia.org/wikipedia/commons/thumb/3/38/Two_people_in_a_gym_using_BOSU_balls.jpg/500px-Two_people_in_a_gym_using_BOSU_balls.jpg
Sports Analyst,Jobs,Use data and video to improve team performance.,"sports, data analytics, statistics",4.1,https://thumb.wikimedia.org/wikipedia/commons/thumb/9/92/Youth-soccer-indiana.jpg/500px-Youth-soccer-indiana.jpg
Musician,Jobs,"Perform, record and compose music.","music, performance, creativity, art",4.0,https://thumb.wikimedia.org/wikipedia/commons/thumb/c/c7/Joan_Baez_and_Bob_Dylan.jpg/500px-Joan_Baez_and_Bob_Dylan.jpg
Sound Engineer,Jobs,"Record, mix and master audio for music, film and games.","audio, music, engineering, recording",4.1,https://upload.wikimedia.org/wikipedia/commons/2/2e/Engineer_at_audio_console_at_Danish_Broadcasting_Corporation.png
Pastry Chef,Jobs,"Create breads, cakes and desserts in restaurants and bakeries.","cooking, baking, food, desserts",4.0,https://thumb.wikimedia.org/wikipedia/commons/thumb/2/25/Konditor_bei_der_Arbeit_BMK.jpg/500px-Konditor_bei_der_Arbeit_BMK.jpg
Food Scientist,Jobs,"Develop safer, healthier and tastier food products.","food, science, chemistry, nutrition",4.1,https://thumb.wikimedia.org/wikipedia/commons/thumb/5/5f/CSIRO_ScienceImage_1319_Food_Science_Australia.jpg/500px-CSIRO_ScienceImage_1319_Food_Science_Australia.jpg
